
--address
INSERT INTO caseframe.address VALUES (2000062760, 'CE', '25', NULL, 'ST MONICAS GARGRAVE ROAD', 'SKIPTON', 'BD23 1PJ', 'E00140386', 'E01027577', 'E02005746', 'E07000163', 'E12000003', 398534, 451831, 3, 53.962346118869249, -2.0223467573593261);
INSERT INTO caseframe.address VALUES (2000004118, 'CE', '25', NULL, 'CONVENT OF THE SACRED HEART OF MARY CASTLE VIEW TERRACE', 'SKIPTON', 'BD23 1NT', 'E00140386', 'E01027577', 'E02005746', 'E07000163', 'E12000003', 398803, 451970, 3, 53.963596246280929, -2.0182468405449279);
INSERT INTO caseframe.address VALUES (2000007860, 'CE', '22', NULL, 'THE WOOLLY SHEEP 38 SHEEP STREET', 'SKIPTON', 'BD23 1HY', 'E00140380', 'E01027577', 'E02005746', 'E07000163', 'E12000003', 398932, 451602, 3, 53.960288672092652, -2.016279100073425);
INSERT INTO caseframe.address VALUES (2000050033, 'CE', '22', NULL, '24 GRANVILLE STREET 24 GRANVILLE STREET', 'SKIPTON', 'BD23 1QD', 'E00140378', 'E01027577', 'E02005746', 'E07000163', 'E12000003', 398485, 451701, 3, 53.961177441310092, -2.0230930358844539);
INSERT INTO caseframe.address VALUES (2000007861, 'CE', '22', NULL, 'NAPIER''S ACCOMMODATION CHAPEL HILL', 'SKIPTON', 'BD23 1NL', 'E00140380', 'E01027577', 'E02005746', 'E07000163', 'E12000003', 398919, 451989, 3, 53.963767287822591, -2.0164786258108607);
INSERT INTO caseframe.address VALUES (2000050986, 'CE', '22', NULL, 'THE ROYAL OAK 2 WATER STREET', 'SKIPTON', 'BD23 1PB', 'E00140388', 'E01027577', 'E02005746', 'E07000163', 'E12000003', 398921, 451926, 3, 53.963201001458486, -2.0164479151281181);
INSERT INTO caseframe.address VALUES (2000050617, 'CE', '22', NULL, 'UNICORN HOTEL KEIGHLEY ROAD', 'SKIPTON', 'BD23 2LP', 'E00140380', 'E01027577', 'E02005746', 'E07000163', 'E12000003', 398952, 451490, 3, 53.959281973645588, -2.015973863125522);
INSERT INTO caseframe.address VALUES (2000075959, 'CE', '22', NULL, 'HORSE CLOSE HOTEL GREATWOOD AVENUE', 'SKIPTON', 'BD23 2RT', 'E00140391', 'E01027579', 'E02005746', 'E07000163', 'E12000003', 399662, 451353, 3, 53.958051466776475, -2.0051517224337347);
INSERT INTO caseframe.address VALUES (2000051946, 'CE', '22', NULL, 'BLACK HORSE HOTEL, STABLES RESTAURANT & 16-18 HIGH STREET', 'SKIPTON', 'BD23 1JZ', 'E00140388', 'E01027577', 'E02005746', 'E07000163', 'E12000003', 398976, 451839, 3, 53.962419092935264, -2.0156092212829191);
INSERT INTO caseframe.address VALUES (2000143517, 'HH', '23', 'BERTH 1', 'PENNINE BOATS OF SKIPTON LTD COACH STREET', 'SKIPTON', 'BD23 1LH', 'E00140380', 'E01027577', 'E02005746', 'E07000163', 'E12000003', 398797, 451634, 3, 53.96057601546358, -2.0183369778934805);
INSERT INTO caseframe.address VALUES (2000143519, 'HH', '23', 'BERTH 1', 'CRAVEN CRUISING CLUB CANAL STREET', 'SKIPTON', 'BD23 1LH', 'E00140380', 'E01027577', 'E02005746', 'E07000163', 'E12000003', 398790, 451706, 3, 53.961223188594737, -2.0184439625294099);
INSERT INTO caseframe.address VALUES (2000143520, 'HH', '23', 'BERTH 2', 'CRAVEN CRUISING CLUB CANAL STREET', 'SKIPTON', 'BD23 1LH', 'E00140380', 'E01027577', 'E02005746', 'E07000163', 'E12000003', 398790, 451706, 3, 53.961223188594737, -2.0184439625294099);
INSERT INTO caseframe.address VALUES (2000143518, 'HH', '23', 'BERTH 2', 'PENNINE BOATS OF SKIPTON LTD COACH STREET', 'SKIPTON', 'BD23 1LH', 'E00140380', 'E01027577', 'E02005746', 'E07000163', 'E12000003', 398797, 451634, 3, 53.96057601546358, -2.0183369778934805);


--case

INSERT INTO caseframe."case" VALUES (120, 2000143517, 'INIT', 1, '2016-02-12 09:46:39.25+00', 'SYSTEM', 1, 1, 1, 'HH');
INSERT INTO caseframe."case" VALUES (121, 2000143519, 'INIT', 1, '2016-02-12 09:46:39.25+00', 'SYSTEM', 1, 1, 1, 'HH');
INSERT INTO caseframe."case" VALUES (122, 2000143520, 'INIT', 1, '2016-02-12 09:46:39.25+00', 'SYSTEM', 1, 1, 1, 'HH');
INSERT INTO caseframe."case" VALUES (123, 2000143518, 'INIT', 1, '2016-02-12 09:46:39.25+00', 'SYSTEM', 1, 1, 1, 'HH');
INSERT INTO caseframe."case" VALUES (124, 2000062760, 'INIT', 2, '2016-02-12 09:46:57.953+00', 'SYSTEM', 2, 2, 1, 'CE');
INSERT INTO caseframe."case" VALUES (125, 2000004118, 'INIT', 2, '2016-02-12 09:46:57.953+00', 'SYSTEM', 2, 2, 1, 'CE');
INSERT INTO caseframe."case" VALUES (126, 2000007860, 'INIT', 3, '2016-02-12 09:47:08.311+00', 'SYSTEM', 3, 3, 1, 'CE');
INSERT INTO caseframe."case" VALUES (127, 2000050033, 'INIT', 3, '2016-02-12 09:47:08.311+00', 'SYSTEM', 3, 3, 1, 'CE');
INSERT INTO caseframe."case" VALUES (128, 2000007861, 'INIT', 3, '2016-02-12 09:47:08.311+00', 'SYSTEM', 3, 3, 1, 'CE');
INSERT INTO caseframe."case" VALUES (129, 2000050986, 'INIT', 3, '2016-02-12 09:47:08.311+00', 'SYSTEM', 3, 3, 1, 'CE');
INSERT INTO caseframe."case" VALUES (130, 2000050617, 'INIT', 3, '2016-02-12 09:47:08.311+00', 'SYSTEM', 3, 3, 1, 'CE');
INSERT INTO caseframe."case" VALUES (131, 2000075959, 'INIT', 3, '2016-02-12 09:47:08.311+00', 'SYSTEM', 3, 3, 1, 'CE');
INSERT INTO caseframe."case" VALUES (132, 2000051946, 'INIT', 3, '2016-02-12 09:47:08.311+00', 'SYSTEM', 3, 3, 1, 'CE');


--questionnaire

INSERT INTO caseframe.questionnaire VALUES (1234567903, 120, NULL, NULL, NULL, NULL, 'HH', '123456790319236326  ');
INSERT INTO caseframe.questionnaire VALUES (1234567904, 121, NULL, NULL, NULL, NULL, 'HH', '1234567904176942405 ');
INSERT INTO caseframe.questionnaire VALUES (1234567905, 122, NULL, NULL, NULL, NULL, 'HH', '1234567905124453406 ');
INSERT INTO caseframe.questionnaire VALUES (1234567906, 123, NULL, NULL, NULL, NULL, 'HH', '1234567906147437302 ');
INSERT INTO caseframe.questionnaire VALUES (1234567907, 124, NULL, NULL, NULL, NULL, 'CE', '123456790754855996  ');
INSERT INTO caseframe.questionnaire VALUES (1234567908, 125, NULL, NULL, NULL, NULL, 'CE', '123456790815947674  ');
INSERT INTO caseframe.questionnaire VALUES (1234567909, 126, NULL, NULL, NULL, NULL, 'CE', '12345679096089862   ');
INSERT INTO caseframe.questionnaire VALUES (1234567910, 127, NULL, NULL, NULL, NULL, 'CE', '1234567910191183428 ');
INSERT INTO caseframe.questionnaire VALUES (1234567911, 128, NULL, NULL, NULL, NULL, 'CE', '1234567911146665230 ');
INSERT INTO caseframe.questionnaire VALUES (1234567912, 129, NULL, NULL, NULL, NULL, 'CE', '1234567912116052169 ');
INSERT INTO caseframe.questionnaire VALUES (1234567913, 130, NULL, NULL, NULL, NULL, 'CE', '123456791391004709  ');
INSERT INTO caseframe.questionnaire VALUES (1234567914, 131, NULL, NULL, NULL, NULL, 'CE', '1234567914149789201 ');
INSERT INTO caseframe.questionnaire VALUES (1234567915, 132, NULL, NULL, NULL, NULL, 'CE', '12345679154882954   ');


