ba6749fc-4ccd-43e8-a6c5-c8ab8d157e44,e97a9fec-d213-454f-ba3b-f0cc336fd1e6
ddda1a56-d765-40a6-a120-2905fc2a6e2f,4e2102c8-fe77-480f-bd8b-68e0c01c69d8
09bb97db-cbf5-4c13-bbe4-6a2974ff8b74,08e52a1c-31f0-41b2-8cb7-ff0489bf8402
6d66c64e-727d-4a42-8188-ae6c2b0033bb,73720663-1113-4a1a-bd9b-ccce6859473f
dc72720d-7203-4bf2-827f-3b72741cd5ca,6b9188bc-6959-4f4d-847c-e065b9990388
ba51f70c-e51c-415f-adb1-ce0d45b2ab3b,439a1785-c025-4585-bb15-b403af14e4ef
9773b85a-47a6-42f1-8145-9c9fac8acb84,c8bd4730-8f08-4f62-bbe7-9024bdcf0119
5a7eb2d7-13f4-473c-903f-b95ded9ccf7d,b03d07ea-3236-49b2-ab34-2d7d09fec311
6f39e8ff-52ff-4cb8-afe0-7507c55e9513,dcabd83f-4af9-4570-ae5b-42c49e187302
d276585f-d1f7-4019-a12c-35f5e5938689,538723f5-793b-43c2-a838-ecbf4281b123
60a4ed8d-c46c-41ac-ba55-4d6fb5e254d5,5a8cc343-58b0-4a17-aa2f-d2232d0ea78b
189c9dc9-7a68-4ad5-9dd6-1ff054954454,d2b4000f-b4ca-43c6-b89b-ea903feb5f19
5277ce8c-8ca9-40ff-9292-4849faded0e9,69f39553-2fa7-4c03-a1bd-7b4ca50f1fba
848f1141-f6e4-4618-93ab-91450e6dc7e6,e4430a04-d9a6-489e-865a-75aff249507f
95448a84-98bd-43d7-805f-d8ec3096f03c,d279f039-18a6-43e0-ab85-0e0f95cdea35
07c26eca-6a5c-4b37-a0ea-ee990e7dabc2,4fce403d-3005-4711-87da-9334c4359128
684a8dd8-b753-40be-9e86-4cfec7f2f201,b415bb66-59d8-4289-b070-233598c8b804
